bedrooms,bathrooms,sqft_living,sqft_lot,floors,waterfront,view,condition,grade,yr_built,yr_renovated,price
4,3,1888,9767,3,0,3,4,3,1953,1966,361968
5,1,4388,1660,3,0,1,5,9,1976,2011,1494498
2,1,2711,1112,2,0,1,3,12,1984,1959,643753
5,2,4756,7614,1,0,3,3,9,1979,0,146539
2,3,3548,1602,3,0,4,5,10,2014,2015,1405381
5,2,2119,9501,3,1,2,2,6,1981,2014,1630217
2,1,4213,1276,3,0,4,3,8,2004,2011,547154
5,1,3366,6164,2,0,4,5,3,2005,0,1559325
1,3,813,8618,1,0,3,3,10,1955,1970,1879417
1,1,3490,2184,3,0,4,1,11,2000,0,238056
4,1,542,5154,3,0,1,4,12,1911,0,595655
5,3,1600,4119,2,0,2,3,3,2012,2015,1039989
3,1,2674,5757,2,0,0,2,6,2006,1991,1977451
4,2,1433,2629,3,0,1,1,9,1991,0,1858869
1,2,4148,5173,3,0,4,3,5,1922,0,1990423
2,2,2855,6184,2,0,0,1,7,1919,0,1182169
3,1,1110,1992,3,0,1,5,3,1949,1992,189407
3,2,572,8226,1,0,2,1,9,1996,0,1886960
3,3,1659,3472,3,0,2,4,3,1993,0,873890
1,2,3700,4104,2,0,4,5,4,1994,0,158541
4,3,919,6777,3,0,1,5,12,1912,0,1642433
1,2,4364,6693,1,0,1,5,3,1988,0,1520683
4,2,2128,2788,2,0,1,2,8,1915,2002,428443
4,2,3389,1910,3,0,4,4,10,1946,2004,1598198
1,1,4878,9758,2,0,2,5,8,1955,0,1101830
3,3,4452,2474,3,0,0,4,6,1960,0,1868321
1,1,4778,9275,1,0,3,3,8,1994,0,1001111
2,3,1620,9578,2,0,3,4,12,1963,1972,256270
4,3,2596,3594,3,1,2,3,10,1944,2018,567119
3,2,3890,7242,1,0,2,2,11,1907,0,1022285
2,2,516,4841,3,0,1,5,5,1986,0,1061169
5,2,4000,5637,3,0,0,4,3,2002,0,1990484
4,1,948,7217,3,0,3,5,10,1985,0,1471242
5,3,3257,5307,3,0,1,4,7,1925,1990,1658695
1,1,954,2054,3,0,2,1,10,1960,0,1638827
4,1,1867,1929,3,1,3,2,10,1985,1978,396508
1,2,761,2556,2,0,1,2,4,2019,1968,1281349
5,1,2997,5390,2,0,3,1,6,1937,1987,1730596
4,2,1516,6037,3,0,4,3,9,2001,0,1794191
5,3,3057,1234,2,0,0,3,3,2004,1972,308260
5,2,1486,3242,1,0,4,3,7,1908,0,734493
4,1,2179,3130,1,0,1,1,10,1945,0,1242354
4,2,2523,4674,2,0,3,4,8,1915,0,1489068
3,2,4174,4676,1,0,4,3,10,1932,0,241879
1,2,4719,8935,3,0,2,5,9,1901,0,616304
3,2,3438,4211,1,1,3,2,11,1903,0,1335445
2,2,2961,2696,1,0,0,3,8,1960,0,816177
4,2,1214,2439,1,0,4,3,4,1954,2001,365237
1,1,4135,1358,2,0,4,1,5,1944,0,884516
4,2,1189,4796,2,0,0,5,7,1964,0,1509893
5,3,1463,9491,1,0,3,2,12,1967,0,1289042
3,1,2824,5994,1,0,3,1,9,2017,0,669503
1,3,3873,6285,3,0,3,3,5,1945,0,1497636
1,3,4857,7296,2,1,4,2,3,1942,1953,1892602
4,3,3509,9707,1,0,2,1,11,1958,0,500686
1,3,741,2751,1,0,0,3,12,2000,0,440822
3,3,2820,5956,2,0,2,3,6,1960,1964,1147640
3,1,1355,2647,2,0,3,4,12,1936,1952,1970293
5,2,4992,5545,3,0,2,1,11,2003,2018,521172
2,3,4940,7990,1,0,3,1,7,1974,0,116259
5,2,2060,3761,3,0,1,1,10,1960,0,1392989
2,2,2968,7593,3,0,4,1,6,1915,0,1489691
2,3,1786,3834,2,1,1,2,9,1931,0,1672102
4,3,1463,7468,2,0,3,1,11,1938,0,1571956
5,3,3349,9931,1,0,0,1,3,1926,0,1543711
2,1,1026,4644,2,0,0,1,10,1967,0,440716
3,2,1966,8294,2,0,4,4,5,1959,0,844067
2,3,2174,5579,3,0,4,5,12,1985,0,1935254
1,3,4760,5357,3,0,4,1,9,2003,1998,262776
5,3,4994,1972,1,0,3,1,9,1997,0,1179729
1,2,2659,5967,1,0,4,4,11,1938,0,1888394
1,2,1572,6867,2,0,0,5,12,1922,0,1781532
3,1,2144,8024,1,0,1,3,7,1953,0,601616
1,2,4994,6590,2,0,4,3,12,1968,0,1255733
3,2,3792,4008,1,0,0,4,5,2017,0,178563
5,3,2908,1359,2,0,3,3,4,1901,0,1113295
3,3,2993,2381,3,0,4,5,4,1928,1997,916196
4,2,2474,4722,3,0,4,2,11,1964,0,581193
1,1,640,1382,1,0,0,1,11,1989,0,814166
3,2,2738,2920,2,0,1,5,5,1924,0,1316042
1,1,3831,3749,3,0,1,3,9,1970,0,616754
2,1,2954,2364,3,0,1,1,4,1918,2011,544842
5,2,4637,8651,2,1,2,4,11,2008,0,499769
3,1,4476,1522,2,1,2,3,10,2014,0,104694
4,1,785,8547,3,0,1,3,9,1940,0,605349
2,1,3196,8846,1,0,2,1,12,2007,2010,1198053
5,2,4526,4259,2,0,4,2,10,1903,0,686901
2,3,1097,5958,3,0,1,2,10,2010,0,1108449
2,2,2225,3368,1,0,3,1,10,1997,0,624344
4,3,919,7318,2,0,1,5,3,1902,0,1158335
2,3,4533,4005,2,0,2,3,10,2006,1957,262948
5,3,4308,8674,1,0,4,2,8,1900,0,237837
1,1,3134,8927,3,0,1,3,6,1966,0,1974434
2,1,4254,3895,3,0,4,2,10,1928,0,1433040
4,3,4426,4227,2,0,1,3,10,1995,0,1103639
1,2,3243,9711,3,0,0,4,7,2000,1970,1343336
1,1,3839,8178,1,0,1,3,4,1931,2006,474319
5,2,3337,3295,1,0,1,1,5,1982,1997,1461180
3,1,3624,4134,1,0,4,2,8,1979,0,1289297
1,2,3101,3767,2,0,4,2,10,2000,1973,380141
2,2,1367,8812,2,0,1,1,8,1903,0,383590
1,1,1756,2932,3,0,4,1,8,2016,1969,244535
2,1,2355,4619,2,0,2,5,5,1949,0,1666023
2,1,1021,3606,3,0,4,3,11,1958,0,1129293
3,3,3001,5396,1,0,3,3,11,1909,1952,1537902
1,1,3186,3242,1,0,0,3,8,1939,0,1687681
4,3,1045,2548,2,0,2,3,6,2005,0,215064
2,3,4420,6634,2,0,1,5,11,1909,1951,1538645
5,3,1632,9306,1,0,4,5,3,1991,0,224444
5,3,574,5776,3,0,3,3,11,2008,0,192447
4,2,1185,4811,3,0,4,1,12,1929,2005,101832
2,1,661,6520,2,0,2,1,11,2019,0,210234
5,1,1046,4109,1,0,3,2,6,1976,0,1974115
3,1,2767,1887,2,0,1,5,4,1989,0,1335340
1,2,4851,7474,2,1,2,2,10,1979,0,747937
5,2,3081,6451,2,0,2,1,3,1977,1985,458635
3,2,2189,6789,2,0,4,3,3,1996,2004,1442177
1,3,4397,3661,2,0,0,5,8,1980,2014,253560
3,1,2094,8196,1,0,3,1,4,1937,1987,1487482
3,1,648,8823,1,0,4,2,11,1994,0,1939968
4,3,4354,5857,2,0,1,4,11,1916,1957,1090247
2,3,2077,8742,3,1,0,3,10,1902,0,1123695
1,3,1319,2378,3,0,0,3,3,2013,0,1058254
4,3,4237,3524,2,0,0,1,11,1990,1968,291012
5,1,2458,9475,1,0,1,1,11,1912,0,546439
4,1,1197,4743,3,1,1,3,8,2008,0,854805
3,1,3172,4173,3,1,0,5,12,1983,0,1628447
3,1,3581,4583,3,0,1,3,7,1908,0,1824038
5,2,4190,4560,3,0,1,5,12,1931,0,1865280
5,3,4003,4802,2,0,0,1,12,1928,0,1917397
4,2,782,7043,3,0,3,1,3,2011,1987,189342
3,3,2639,6574,2,0,3,5,9,1988,0,359925
2,2,1169,7358,2,0,0,1,12,1935,0,1603715
4,1,3039,3120,3,1,4,4,12,1986,0,796084
4,1,4219,4259,2,0,1,4,3,1937,1993,1605867
3,2,4216,4237,1,0,3,2,3,1931,0,132175
5,2,3476,7261,3,0,4,1,11,1955,0,1408396
2,3,1669,5316,1,0,2,4,11,1986,0,1083682
1,3,2073,8296,2,0,0,4,8,1983,0,268050
2,1,3759,3780,3,0,1,3,11,2016,0,136491
1,1,861,6973,2,0,0,4,12,1940,0,739068
4,3,2140,1232,3,0,0,3,9,1921,0,302668
2,2,2085,8901,1,0,0,5,12,2015,0,1806302
4,2,3540,3454,3,0,0,3,4,1994,0,1261365
5,3,4219,4276,1,0,4,5,9,1990,0,1557082
2,3,3859,1215,3,0,4,2,12,1954,0,110547
2,1,975,3468,3,0,4,1,9,1929,0,677090
4,1,1955,2029,3,0,1,5,3,1906,0,753974
3,2,4597,7652,1,0,1,5,12,1951,1982,1030784
1,1,3821,4453,1,0,1,4,9,1917,2001,580001
3,2,1732,7144,2,0,3,2,12,1956,0,1403609
3,1,4103,5232,2,0,4,4,5,1920,0,1185110
5,1,1229,3591,2,0,0,4,3,1901,0,535413
4,2,2911,8151,2,0,0,1,9,1968,0,1156480
1,1,4744,6904,1,0,1,1,8,1989,1990,682438
5,3,1130,4536,1,0,4,3,6,1936,0,1333678
5,3,1882,3587,1,0,4,2,9,1997,0,723756
3,1,1435,5781,3,0,0,5,11,1917,0,163146
3,3,1171,8170,1,0,2,3,11,1988,0,1160780
4,2,1843,8084,2,0,3,5,7,1990,1951,1383483
2,2,2820,9350,3,0,2,1,3,1979,0,1413179
4,1,1949,6934,1,0,0,2,8,1904,2009,1818626
3,1,2966,2970,1,0,1,5,8,1932,1972,857596
3,3,1161,3743,3,1,4,3,5,1937,0,1499782
3,3,2304,6929,2,0,1,1,4,1910,0,1087036
4,3,1350,2829,2,0,4,5,6,2008,1988,629149
2,3,1435,9801,1,0,3,4,12,1970,0,171942
2,3,4906,8427,3,1,0,2,6,1938,0,1722512
1,1,3923,7919,3,0,1,1,5,1909,0,1619514
4,2,1160,9636,2,0,2,3,4,1995,0,1696966
4,3,4755,4735,3,0,4,2,5,1959,0,123382
4,1,4635,8236,3,0,1,4,3,2000,0,1365777
1,3,3137,5258,2,0,1,3,10,1903,2013,1728411
4,3,566,8470,1,0,2,1,8,1960,1957,1307115
3,2,3572,6160,1,0,1,2,3,1960,2018,384243
3,2,3004,9399,2,0,4,4,7,2018,0,1466528
5,2,4227,7236,1,0,0,3,9,1902,0,711369
2,3,1514,9556,2,0,0,2,7,1935,0,1893723
4,2,4328,9143,3,0,0,1,8,1906,0,1486395
1,1,2250,6694,2,0,1,1,9,1986,0,1509167
5,3,1060,8241,2,0,3,3,6,1985,2011,1169081
4,3,4858,9016,3,0,1,4,6,1932,0,962380
4,2,4438,2818,3,0,0,3,11,1945,0,1629275
1,3,2690,1182,1,0,2,1,10,1959,0,435983
2,2,3056,5727,3,0,3,4,9,1927,0,380027
5,1,2017,9676,1,0,1,5,10,2004,0,1986038
4,1,3989,8432,1,0,4,5,5,1913,2009,1816143
4,3,1161,7068,3,0,0,4,4,1982,0,430048
2,2,2319,5008,2,0,2,1,8,1944,0,1639688
2,2,2795,3461,1,0,2,2,11,1945,0,218065
4,3,4711,3235,2,0,4,2,10,1996,0,1392348
1,3,4486,5652,3,0,4,2,12,1977,0,1496538
4,1,984,6131,1,0,3,4,9,1989,0,544648
3,2,2208,4630,1,0,1,1,9,1952,0,725494
4,1,3478,7680,3,0,4,4,6,1999,0,1249707
4,3,3001,7313,3,0,4,4,3,1980,0,806443
5,3,2716,6690,3,0,4,5,11,1908,0,1700448
3,3,2696,6085,1,0,0,5,10,1932,0,1829410
2,3,2198,2742,1,0,2,1,12,1912,0,1719884
1,2,4520,9575,3,0,4,3,4,1975,0,946200
1,1,2137,1913,3,0,2,2,9,1918,0,1785773
3,3,1876,6366,3,0,0,3,8,1916,0,1321793
4,2,1041,8470,1,0,1,3,6,1980,0,1462270
2,1,1093,2772,1,0,3,1,4,1949,0,1472407
4,2,1374,2914,2,0,4,2,5,1989,2002,1789634
1,3,975,9160,1,1,2,5,9,2016,1998,1082063
2,3,4129,5384,3,0,1,3,3,2018,0,752632
5,2,1959,7708,3,0,0,5,3,1988,1971,1017947
4,2,3489,5009,1,0,2,4,5,1991,2008,625957
4,3,2679,9792,1,0,0,1,3,1960,0,280889
2,3,2585,3765,2,0,4,1,11,1997,0,1316424
3,1,682,4687,2,0,4,1,4,1954,0,671284
1,2,1354,8331,2,0,4,5,12,1971,0,784143
4,1,3029,7056,2,1,3,1,10,1900,0,452053
1,3,3446,3346,2,0,2,1,9,1968,0,450425
5,3,1187,4951,1,0,2,2,4,1950,1991,1132657
2,3,2491,1451,2,0,1,2,12,1959,1965,249776
2,2,764,8610,2,0,1,4,11,1998,1960,371258
5,1,1580,9307,1,0,2,2,11,2000,0,1620384
1,3,2259,8888,1,0,4,1,5,1915,1975,172828
1,1,3730,7564,3,0,3,4,8,2002,0,468921
4,2,2281,9058,2,1,1,1,9,1924,0,261860
5,3,4062,2636,1,0,0,5,3,1955,0,1091596
4,3,3971,1824,3,0,1,4,12,1946,0,1494122
3,1,1185,4644,3,0,4,2,4,1924,1974,1118057
3,3,4076,3222,2,0,4,1,8,1995,0,1063750
5,1,872,1138,3,0,1,5,10,1954,0,1273077
4,2,3864,7139,1,0,2,2,11,1972,1991,620766
4,2,870,2903,2,0,0,4,9,1903,1993,1417294
1,2,1042,3624,3,0,4,4,3,1919,1973,1215273
5,3,4350,7318,2,0,2,1,6,1911,0,1074687
4,3,2747,4923,2,0,3,5,4,1985,1971,1245283
2,3,2779,4253,3,0,0,2,4,1936,0,1658203
5,1,4808,8186,2,0,4,5,5,1962,0,1084131
3,3,3219,3224,2,0,3,2,11,1989,1957,387181
5,1,4533,5000,2,0,0,5,7,1971,0,1422525
1,1,4374,6668,3,0,1,3,12,1913,0,116292
4,1,4682,3792,2,1,0,2,7,1970,0,1578441
5,1,3401,3068,2,0,1,4,6,1900,0,976038
3,2,2219,5199,3,0,2,3,7,2006,0,789009
4,2,2908,4701,3,0,4,3,7,2008,0,1820915
3,3,2597,2380,1,0,1,3,4,1981,0,1178562
4,3,1270,1192,2,0,1,5,9,1998,0,655728
5,3,4793,4490,1,0,1,4,6,1994,0,1724322
5,1,1706,2422,2,0,2,4,6,1940,0,1234191
1,3,2503,5082,3,0,0,4,3,1900,0,1730752
3,3,4152,3292,3,0,0,3,10,2002,0,1570183
3,3,4653,5208,3,0,1,1,5,1945,0,1155340
1,3,2227,9112,3,0,0,4,12,1918,0,1354905
4,2,3291,9125,2,0,4,4,7,1939,0,1373871
5,2,2903,2849,1,0,2,5,11,1902,1954,267605
4,2,4240,4074,2,0,4,2,3,2013,0,1657658
1,3,1746,6345,2,0,4,5,10,1967,0,751666
1,1,1207,3953,1,0,2,4,12,1987,2008,1082912
4,1,4419,2228,1,0,0,2,11,1906,2001,234607
1,3,4170,2538,2,0,3,2,4,2015,1970,1107227
2,1,2894,6059,3,0,3,3,6,1961,0,1170572
1,1,2579,7426,1,0,2,3,9,1921,0,1047783
3,1,647,3803,2,0,3,4,12,1971,0,1654796
5,1,4247,7599,2,1,0,5,8,1907,0,1374713
5,1,4931,5916,2,0,3,3,8,1902,1998,1334744
3,1,3597,2207,2,0,4,2,5,1966,0,1565544
5,2,1375,2991,2,0,1,4,4,1942,0,205474
2,2,4700,6552,2,0,3,5,9,2015,0,1948595
1,2,2073,9386,1,0,1,5,3,1963,0,152055
1,2,4457,4162,3,0,4,5,12,1927,2001,1861924
1,3,509,2960,2,0,3,3,8,1973,0,1256714
2,2,2216,9682,3,0,3,5,8,1975,1988,765275
4,1,4931,9345,2,0,0,2,8,1948,0,1238355
3,3,782,7102,3,0,3,3,11,2011,0,781132
4,1,4785,7410,2,0,0,4,5,1916,0,1211177
3,1,3136,4170,2,0,2,2,6,1942,0,651741
2,1,4191,9690,1,0,3,4,5,1955,0,235024
3,3,2181,6004,3,0,1,5,5,1920,1971,1384179
1,1,1093,5213,2,1,3,5,4,1969,0,153365
3,2,4818,1658,3,0,1,4,3,1934,0,686030
5,1,3612,1596,3,0,1,2,4,1976,0,409091
3,2,3504,2673,3,0,0,1,6,1905,1954,744742
3,1,769,3832,3,1,4,1,4,1973,0,1186887
2,3,3356,8214,3,0,1,2,11,1992,0,1083770
1,1,2141,6310,1,0,2,2,3,1942,0,166202
1,1,3916,9017,3,0,0,2,8,1966,0,995318
3,2,3791,2635,1,0,1,5,8,2007,1992,1320685
5,2,859,6243,2,0,1,1,10,1942,1983,1475798
5,1,4655,8423,1,1,2,3,9,1985,0,850909
2,1,1940,8833,1,1,4,2,8,1910,1996,1846191
4,3,3375,8939,1,0,2,2,4,1979,0,790200
2,2,3542,1539,1,0,1,3,7,1918,0,346464
3,2,2975,2227,3,0,4,3,3,2010,0,326812
1,1,3583,2676,2,0,0,4,3,1945,0,450639
1,2,2346,2637,2,0,1,4,8,2017,0,1099078
5,3,1931,3708,1,0,2,4,11,1974,2018,1786786
5,2,1480,3849,3,0,2,1,8,1956,0,515162
4,2,2859,9848,2,0,3,5,6,2003,0,619676
1,1,4540,8763,2,1,1,3,9,1981,1979,732049
5,1,3274,2088,3,0,0,1,12,1921,0,1786695
5,1,3208,2116,2,0,2,2,12,1917,0,749822
2,2,1280,2994,2,1,2,5,4,1900,0,259876
3,2,2573,9003,1,1,1,3,7,1947,0,870878
3,1,693,1241,3,0,1,2,12,1902,1986,1713511
5,1,2613,4731,1,1,4,1,11,1950,0,705743
1,3,841,9733,1,0,3,2,6,1948,0,846256
5,2,4339,2102,1,0,1,2,12,1991,1966,1236263
3,2,2468,7968,1,0,1,4,11,1914,0,1329502
2,2,2287,3101,1,0,0,3,7,1985,0,1938196
4,3,4368,1204,1,0,3,5,12,1903,0,1248729
3,2,2077,1882,3,0,3,4,7,1985,0,489027
4,1,1062,8395,3,0,3,1,8,2015,1990,234411
5,2,831,7901,2,0,4,5,11,2013,0,370651
4,1,4579,2518,1,0,4,3,9,1949,0,1570698
5,1,594,8758,3,1,3,2,7,1933,1952,1707943
2,3,1632,1699,3,0,4,1,8,1964,0,604393
2,2,4335,8480,3,0,0,4,11,1992,0,592492
2,3,3732,8835,3,0,3,1,8,1976,0,1191723
1,1,2885,9967,3,0,1,1,5,1908,1996,1211397
5,2,2215,2306,1,0,0,2,10,1946,0,1353914
3,2,2101,6686,1,0,4,3,8,1986,0,1467107
1,1,3317,4363,2,0,4,2,12,1977,0,161836
2,3,2356,1504,1,0,1,1,12,2011,0,1008109
4,2,3673,4273,2,0,1,5,12,2015,1952,490503
4,3,1214,8703,1,0,3,4,12,1996,1987,1438618
5,2,2790,6287,3,0,0,1,7,1900,0,597165
2,2,1227,8697,1,0,2,1,11,1998,0,556985
1,2,3101,3100,2,0,2,3,6,1967,0,1640850
1,2,3743,2946,1,0,1,4,3,1907,1960,1317895
2,1,3310,1270,1,0,1,5,3,1980,0,714769
1,3,2867,2993,1,0,4,3,12,1925,0,926278
1,3,3062,3092,1,0,2,2,6,2011,0,1826008
5,2,4459,6260,1,0,3,4,10,1913,0,984237
3,1,2637,4835,2,0,2,4,12,1951,0,1663484
1,3,2948,4252,3,0,3,2,5,1984,0,1706581
4,2,3045,4807,2,0,1,2,10,2017,0,556295
4,1,1922,1166,1,0,2,1,4,1983,0,803981
1,1,2453,8094,2,0,1,5,12,1941,2019,1146417
5,2,3024,1294,2,0,0,4,8,1958,0,446990
4,1,2660,6241,1,0,3,1,11,1968,0,659865
1,3,1741,2724,3,0,4,4,3,1967,2010,1036827
2,1,2338,6498,2,0,3,4,3,1957,0,1370242
5,1,4211,7481,2,0,2,1,5,1941,0,614295
3,1,1146,9811,2,0,0,2,11,2002,1962,1929736
1,1,4119,9448,2,0,2,2,4,2012,1956,516462
1,3,4224,5728,3,0,1,3,11,1971,1977,1453991
1,3,743,7687,3,0,4,5,6,1923,0,469841
3,3,4467,4326,2,0,2,4,12,1981,2014,185015
3,2,3131,5761,3,0,0,2,6,1955,0,1210616
3,1,1226,6628,3,0,4,5,8,2013,0,705829
1,1,726,8778,1,0,3,3,6,1988,2015,916445
5,3,4993,5426,3,0,3,2,3,1930,1988,258651
1,2,3159,5591,3,0,1,1,6,2003,1975,635807
5,3,1962,5494,2,0,2,5,6,1958,0,1577482
2,3,2160,1882,3,0,3,2,10,2005,1966,836664
5,2,522,7976,1,0,1,3,6,1971,0,169837
1,3,3055,8291,2,1,4,1,11,1969,0,1113368
2,3,2447,9315,3,0,0,5,7,1989,0,1693187
2,3,3636,1062,1,0,1,4,4,1975,0,127690
3,2,1203,3773,1,0,2,5,3,1959,0,691952
5,2,3956,5063,3,0,1,2,6,1932,0,1731894
5,2,4723,6276,1,1,2,5,8,1989,0,1075323
2,2,4068,7591,1,0,1,1,7,1930,0,1378890
5,2,4131,9088,3,1,3,2,4,1999,1999,1331207
3,2,3165,3014,3,0,0,5,8,1932,0,455642
3,2,4205,9385,2,0,3,1,10,1920,0,1626535
5,3,3947,1869,1,0,3,2,6,2002,0,839026
1,1,3569,1201,3,0,4,1,5,1917,1975,886960
1,3,1548,7352,1,0,0,2,9,1925,0,1109602
3,2,3968,6637,3,0,4,5,12,2010,0,1975943
5,3,3175,3763,1,0,1,5,12,1947,1987,1985005
3,1,1319,2519,1,0,4,2,6,1972,0,1124446
4,3,2944,4748,2,0,1,4,8,1993,1952,1569972
1,1,2496,7160,3,0,1,2,6,1989,0,1790598
4,1,4508,6442,1,0,2,5,6,1986,1989,314601
1,3,645,9125,3,0,1,2,4,1957,0,316741
2,3,1836,8071,2,0,4,5,8,1946,0,390431
4,3,1461,5340,2,0,0,1,5,1977,0,768301
4,1,4595,3064,2,0,1,5,4,1994,0,1842451
4,1,4128,9912,1,0,1,1,3,1994,0,329685
4,1,940,2863,2,0,1,2,5,1913,0,1649388
2,2,1202,3409,3,0,1,3,6,1990,0,1110065
2,3,3493,6223,3,0,3,1,5,1951,0,1251228
2,1,4226,4664,1,0,4,1,3,1904,0,1933915
2,3,1400,2772,2,0,4,2,3,1983,1957,1541120
4,1,988,5928,3,0,2,2,7,1987,0,1770705
5,3,780,9342,2,0,3,3,9,1969,0,965754
3,2,959,5937,2,0,3,1,9,1922,0,1894268
1,2,2404,9560,1,0,2,1,9,1969,0,1707850
4,1,877,1025,1,0,0,4,4,1972,0,1546092
3,1,1163,2132,2,0,0,2,10,1958,0,1169024
5,2,4500,4072,2,0,2,3,11,1935,1984,1485685
1,1,4589,4415,3,0,2,2,3,1974,0,1025423
2,3,2928,3841,3,0,1,1,12,1918,1981,1523188
3,1,4573,9244,1,0,4,2,5,1995,2008,369417
2,3,1960,2526,1,0,0,2,11,1929,0,1569191
1,3,2354,3240,1,1,4,4,4,1939,2001,1735377
3,1,1741,3195,2,0,0,2,7,1954,0,1215472
1,3,4016,1679,3,0,1,2,3,2005,0,754539
3,3,1625,9182,1,0,0,5,3,1920,0,1332862
5,1,2450,1234,2,1,4,3,6,2005,0,924726
5,3,662,9712,2,0,3,2,7,1939,0,137570
3,3,1336,4832,1,0,4,4,11,2009,0,1453327
5,1,3490,8162,3,0,2,3,6,1971,0,1686783
5,2,4328,4267,1,0,3,4,7,1980,0,1325701
4,1,2084,2946,2,0,1,4,11,2007,1979,843766
2,3,2509,4976,3,0,1,1,4,1941,0,1867052
3,1,1292,8927,3,0,1,5,5,1951,1972,1244543
2,3,2037,5769,1,0,4,1,10,1969,0,940592
3,2,2342,3687,2,1,3,3,9,1925,0,676209
2,2,2834,4175,1,0,3,4,10,1954,1992,546021
5,3,2925,1557,1,0,1,2,5,1946,0,1879961
4,2,3143,4854,2,0,4,3,11,2014,0,855724
4,2,1131,6679,2,0,1,4,11,1991,1957,1500965
1,2,3161,1024,3,0,0,2,12,2012,0,1442643
5,3,1903,6672,3,0,2,1,7,1996,0,919819
2,2,3093,4849,1,0,4,5,5,1986,0,1665491
2,2,1112,1018,3,0,1,5,10,1949,1999,668596
4,2,4864,9319,1,0,2,1,5,1975,0,170560
1,1,1511,5408,2,0,0,2,9,1967,0,955877
3,3,4593,7811,2,0,2,5,3,2010,0,1187599
5,1,4783,5369,3,0,2,5,8,1954,1967,1420780
3,1,2498,7773,3,0,3,1,11,2012,0,842319
1,3,1235,5458,2,0,2,2,3,1906,0,1276741
2,3,840,7219,1,0,2,1,10,2004,0,989602
5,2,4631,5117,2,0,1,5,7,1994,0,1074507
5,2,1992,3817,1,1,0,2,6,1962,0,202063
1,3,2235,5152,1,1,3,2,3,1964,0,817583
4,1,3132,1006,2,0,1,1,6,1956,0,174280
4,3,1513,1628,1,0,0,4,9,1909,0,145704
2,3,3515,7268,2,0,4,5,11,2009,1956,395673
5,2,3655,2776,1,0,4,3,3,1930,2000,1708047
2,3,673,5507,3,0,4,2,6,1967,0,1148591
3,1,2952,4929,2,0,3,3,10,1940,0,326884
4,1,2274,9640,2,0,0,5,5,1965,0,1417132
1,3,1014,3468,3,0,1,3,5,1932,0,1114138
4,3,3210,2948,1,0,2,2,10,2015,0,1659284
2,1,4458,9643,3,0,1,4,11,1960,0,732549
2,3,1978,6103,1,0,4,1,10,1937,2013,1746278
1,1,3317,8398,2,0,2,4,12,1912,0,361161
3,3,4053,2442,3,0,3,2,3,1908,0,1421705
1,3,1435,6618,2,0,2,5,12,2009,0,382648
3,3,2067,3645,2,0,0,5,6,1982,2006,579177
3,1,1093,6097,2,0,2,2,11,1916,2001,1328080
4,2,2648,7091,3,0,3,4,7,2009,0,147003
4,3,3767,1436,2,0,0,4,4,2019,1989,1544035
5,1,3647,8069,1,0,3,3,5,2013,0,667211
2,1,2366,5951,3,0,4,5,11,1910,0,1587291
1,3,2168,3566,1,0,1,5,4,1987,0,870448
4,1,1014,4212,1,1,4,2,6,1963,0,1459301
5,3,1409,6388,3,0,1,1,6,1916,0,1139786
3,1,2085,4258,2,0,2,1,9,2006,0,1427067
1,3,2398,7989,2,0,0,1,8,1943,0,1429891
5,2,1487,8240,1,0,4,3,11,1955,0,355035
4,1,707,9605,2,0,1,1,11,1932,2014,550067
4,2,1799,5458,2,0,3,3,7,1916,0,470729
3,1,842,8829,2,0,0,2,8,1934,1996,627282
3,1,2278,9858,3,0,0,2,3,2002,0,474344
5,3,3689,1816,1,0,1,3,8,1991,0,596586
4,1,3012,5370,3,0,0,4,8,1943,0,1149520
4,2,4486,9533,2,0,1,3,3,1928,0,1203549
4,3,4805,6126,1,0,0,3,8,1987,0,237912
5,3,3546,4637,3,0,2,5,8,1937,0,795202
1,2,4999,1086,3,0,0,3,7,1941,1965,349434
1,2,4102,8661,2,0,3,2,4,1922,0,783775
3,2,3097,9264,2,0,1,1,9,2005,2003,1896538
2,3,3158,4764,3,0,2,5,10,1927,2015,1982865
3,2,689,4554,1,0,1,2,10,2014,0,1252007
3,3,1743,1475,1,0,1,1,4,1916,1982,697518
2,1,2996,2588,2,0,1,5,8,1996,0,166266
1,1,2926,9566,3,0,0,4,7,1908,1964,946307
2,2,1975,7207,3,0,1,1,11,1967,0,1710921
4,1,1022,8605,2,0,0,4,7,1904,0,1499433
4,3,1811,7707,1,1,0,3,10,1940,1986,305229
4,1,1485,9345,3,0,2,5,4,1916,0,1485140
4,3,2125,9497,3,0,1,4,10,1966,1965,1112714
2,1,4330,8304,1,0,1,5,8,1969,0,782286
5,1,1591,2855,3,1,2,3,10,1965,0,659486
2,3,3725,7963,2,1,1,4,8,1917,0,1871632
5,1,1526,3169,1,0,0,5,5,2006,0,1889718
1,1,2849,7980,2,1,0,1,6,2004,0,476606
5,3,2113,1277,3,1,3,3,6,1920,1952,1668422
3,3,2375,4360,1,0,3,1,3,1963,0,1533414
3,3,2040,6647,3,0,1,3,11,1951,0,268204
1,3,3637,5796,2,0,0,2,8,1989,0,1465119
1,1,3698,9024,2,0,0,1,5,2000,0,1960017
5,2,1598,6178,2,0,3,1,12,1928,0,1807861
3,2,1827,3070,2,0,3,2,11,1915,1972,1277970
3,3,1095,5017,3,0,4,5,7,1927,1960,880975
3,2,4226,7980,1,0,2,3,11,1949,0,324402
5,3,1868,8160,2,1,0,2,8,1906,0,1368649
2,3,2133,9234,2,1,2,3,9,1973,2000,504494
3,2,4861,7046,3,0,3,3,7,1971,0,1349801
5,2,3792,4374,3,0,4,3,6,1923,2005,1741466
3,1,3272,6633,1,0,4,5,6,1942,0,836152
2,2,637,6445,2,0,1,2,12,1942,0,1161399
4,3,1171,1508,2,0,3,3,3,1976,0,1540401
4,1,2900,5456,3,0,4,3,8,1945,0,1337087
5,3,4236,9468,2,0,0,3,3,1934,1995,452868
5,3,2460,4167,1,0,3,2,9,1997,0,1062824
1,2,2514,3800,2,0,3,2,3,1935,0,640027
3,3,1108,2124,2,0,3,4,9,2013,0,872687
1,3,1269,8006,1,0,4,3,10,1917,0,720086
1,2,3851,3490,2,0,1,3,8,1984,0,980650
1,3,1448,9367,1,0,1,4,9,1906,0,1834372
4,2,2431,3230,2,1,0,3,10,1982,1991,412434
4,1,4505,5841,2,0,0,4,12,2004,0,926580
3,3,1636,5570,2,0,2,2,12,1968,1969,1586445
2,3,3498,1195,1,0,3,3,4,1963,0,1072425
4,2,1422,9148,1,0,0,2,8,1949,0,729275
3,2,4406,4935,1,0,1,1,7,1947,1951,1001495
4,2,4229,3384,3,0,1,1,9,1921,0,1206136
3,2,2410,4765,3,0,1,2,9,1941,0,395215
1,3,518,8117,2,0,0,4,11,1943,0,1074384
5,2,764,8737,2,0,3,4,8,2015,0,727267
3,1,597,7871,3,0,0,5,12,1965,1966,911730
2,3,1071,1674,3,0,3,4,12,1955,0,168247
2,3,2825,9436,2,0,2,5,6,1951,0,1748856
1,1,4768,8430,1,0,0,1,3,1924,0,610559
5,2,1161,8295,2,0,2,1,12,1976,0,1167376
3,3,3773,8269,3,0,1,3,9,2016,1973,1205391
2,3,1848,4641,1,0,3,5,10,1917,0,1677127
2,3,3971,1152,1,0,1,3,6,1918,0,1958442
4,3,1269,1115,1,0,0,2,4,2013,0,1027366
3,2,3202,5188,3,0,4,4,7,1951,0,498036
1,1,1132,2098,1,0,1,1,3,1968,0,1967478
1,1,3753,6754,3,0,0,4,3,1902,2000,1235455
3,3,2384,9389,1,0,4,4,12,1986,0,529223
4,1,4785,6832,2,0,3,1,7,2005,0,645844
3,1,1462,9584,2,0,2,5,12,1996,1979,425341
5,1,4183,6347,3,0,3,5,4,1963,1983,1990038
2,2,2901,5236,1,0,2,1,5,1943,0,1011345
1,1,4219,6409,1,0,1,4,5,1988,2017,1282864
4,1,538,7589,3,0,3,3,4,1981,0,1118225
4,1,633,7846,3,0,4,1,11,1955,0,1474956
5,1,2921,4483,3,0,2,2,11,1932,0,1803827
2,3,3903,5729,1,0,1,4,4,1956,0,283273
4,3,1395,8619,3,0,2,2,12,1928,0,1886884
5,3,1713,1661,2,0,3,2,10,1940,1982,1835081
4,1,2262,2014,1,0,3,1,3,2012,0,1357496
5,2,2292,3187,2,0,0,3,9,1916,0,1232273
5,1,3679,7642,1,0,1,1,4,1902,0,944355
5,2,2438,9752,3,0,0,3,5,1953,0,1042190
1,2,2327,7683,3,0,0,3,11,1918,0,1035280
5,2,2102,8817,3,0,1,2,11,1943,0,1519098
5,3,1223,9751,1,0,0,4,3,1973,1975,1466991
2,3,2439,6788,3,0,1,2,6,1960,0,1377205
1,1,4913,2700,3,0,0,2,11,1939,1984,600638
1,1,3285,2238,1,0,3,4,7,1948,0,1664050
5,1,924,5287,2,0,4,1,9,1994,0,434937
5,2,2300,7815,2,0,2,1,12,2006,0,1766480
1,2,3848,7163,1,0,3,4,5,1931,0,1518167
3,1,4417,3424,2,1,0,2,5,1998,0,923513
4,3,4142,6520,1,0,2,4,5,2011,0,1050128
2,3,1671,2661,2,0,0,2,4,1932,0,1050430
1,2,4774,9312,2,0,2,1,8,1994,0,613672
3,3,4636,8519,3,0,1,5,5,1961,1992,908593
2,1,1272,3207,2,0,2,1,9,1913,1984,1464591
5,3,3001,4645,3,1,3,2,5,1976,0,1806325
1,1,1543,4824,1,0,2,3,9,1926,0,395863
1,3,1036,6951,2,0,3,1,11,1953,0,232957
4,2,2831,5897,1,0,2,2,8,2005,1992,1963222
5,1,3490,2757,1,0,1,1,12,1994,1978,621317
3,2,3113,4947,1,0,4,3,4,1997,1950,493522
5,1,4476,8684,1,0,4,4,8,2007,0,779290
5,2,4157,5595,1,0,4,3,10,1979,1984,1475983
4,2,1942,8570,3,0,1,4,11,1966,0,1860317
4,3,2396,5970,1,0,1,5,12,1924,0,650755
1,2,1405,7579,2,0,3,5,5,1994,0,727475
1,3,1677,1999,2,0,1,1,8,1992,0,563238
3,2,3588,5025,2,0,4,2,11,1910,0,1618231
4,1,2966,4904,3,0,0,1,6,2011,0,402085
1,1,4508,8786,2,0,0,2,11,1930,0,1307762
4,1,905,8480,3,0,3,5,12,1960,2013,1854374
1,3,941,3093,2,0,3,3,4,1959,0,820156
5,2,1281,4663,1,0,3,1,8,1954,0,1096196
2,1,4981,4893,3,0,1,1,7,1963,0,1428395
1,3,2590,7033,3,0,1,3,3,1959,0,1855507
2,1,869,9652,3,0,4,2,11,1943,0,236559
1,3,4957,2200,2,0,3,4,12,1976,0,461085
1,1,1112,1049,1,0,4,5,9,2019,0,109470
1,1,1275,2401,1,0,3,2,7,1944,2015,281142
2,3,1633,6086,2,0,3,1,11,1968,0,312628
3,2,2399,7241,3,0,0,4,11,1912,0,1458218
2,1,1949,1680,2,0,3,2,12,1977,0,400141
4,3,2861,2363,3,0,2,3,5,1967,0,484346
1,2,3701,7361,1,0,4,4,7,1930,0,1812208
4,3,4827,4709,2,0,3,3,4,1931,1959,939232
5,2,4062,5402,3,0,4,5,6,1983,0,680526
1,1,840,3780,1,0,4,1,3,1995,0,920178
5,1,2959,2948,1,0,4,5,8,1978,0,1599549
2,3,2467,7136,2,0,2,3,10,1996,0,1712850
2,1,2566,4423,2,0,2,4,11,1912,0,645042
1,2,924,5493,1,0,2,4,9,1925,0,1545257
1,3,1624,3176,3,0,3,2,5,2013,0,1427976
5,2,4979,1174,3,0,1,5,3,1993,0,370877
4,3,1650,5434,1,0,2,2,12,2018,1955,601772
1,1,4596,5733,3,0,2,4,6,1979,0,427608
2,3,1825,8206,3,0,3,3,3,1935,0,1083762
4,2,1189,8365,3,0,3,2,9,1979,0,1450190
4,2,4440,6307,3,0,4,4,8,1997,2010,1216014
5,3,3159,3962,3,1,1,4,8,1990,0,1977128
2,1,2836,2567,2,0,3,5,3,1976,0,1225914
4,1,2979,5027,3,0,2,4,12,1996,0,1839661
3,1,2336,9120,1,0,0,3,7,1918,0,1720706
5,1,3949,2920,3,0,3,4,5,2011,0,1169626
4,2,2400,9575,2,0,1,2,5,1930,0,350476
2,3,1638,2779,3,0,1,5,10,1920,0,332321
1,2,3041,5931,2,0,2,4,10,1975,0,716798
1,1,2326,9851,1,0,4,5,4,1929,1950,1244584
2,3,4025,1139,3,1,3,4,8,1918,0,634940
3,1,572,6845,3,0,4,1,9,1925,0,588241
5,3,4086,3161,2,0,4,4,4,1999,0,1807966
5,1,3272,2900,2,0,2,3,5,1901,0,614060
1,3,3474,7297,3,0,3,1,3,1911,0,1722158
1,1,3323,1695,3,0,1,5,7,1966,0,1949243
5,2,3157,3535,3,0,3,5,4,1936,0,1081769
2,2,2761,4606,1,1,2,2,4,1961,0,1740628
4,2,2544,3041,2,0,1,5,12,1970,0,523756
3,3,2193,3912,3,1,4,3,11,1938,0,905428
3,1,4260,9328,2,0,0,2,4,1907,1991,1694156
2,3,2743,7361,2,0,2,4,7,1985,0,1675233
3,1,4945,3151,2,0,3,3,12,2012,0,1995703
4,3,898,5958,2,0,3,2,9,1978,0,1622060
3,1,3225,6575,3,0,3,3,4,1960,0,657813
2,2,1145,6808,1,1,1,4,8,1947,0,1183685
5,2,2385,4156,1,0,3,3,9,1935,0,1737189
5,3,3051,5690,1,0,0,3,7,1901,0,641028
1,3,4582,9988,2,0,4,4,6,1937,0,1600796
5,3,3310,4607,1,0,3,4,3,1972,0,1942557
2,3,1610,3330,2,0,0,1,12,1977,1957,1456742
5,2,4943,9549,3,0,3,2,11,1976,0,1797152
5,2,3791,3204,1,0,0,3,11,1961,0,1284043
4,3,2757,4490,1,0,2,5,5,1912,0,1764069
3,2,2876,7614,3,0,1,2,8,1979,0,1545483
2,2,2174,3642,1,0,0,5,10,1947,0,161009
1,1,2815,5744,2,0,1,4,4,1960,0,1547839
4,2,3007,6409,2,0,1,2,3,1951,1957,1386793
5,1,2363,4243,3,0,1,5,12,1976,1974,1166746
5,3,1430,5757,2,0,2,2,6,1934,0,584469
5,1,1394,5160,2,0,3,2,6,1994,0,136051
5,1,3739,8081,2,0,2,3,4,2005,0,1800883
5,2,704,3610,2,0,4,4,11,1914,0,198580
4,1,4047,1517,1,0,4,5,7,1981,0,1309962
5,2,3028,4180,3,0,0,4,4,1906,0,117101
1,3,1423,8644,1,0,3,3,3,1935,0,1934142
2,3,1567,4093,1,0,0,5,9,1907,1993,1297678
2,2,3679,3567,2,0,1,5,9,1909,0,256837
2,1,1339,1859,1,0,4,3,3,1951,0,202903
2,3,2029,7547,2,0,4,2,6,1991,0,1573562
3,1,4196,7534,1,0,3,2,9,2019,0,745970
1,2,4812,8659,1,0,4,2,4,1908,0,1917765
5,2,4483,4318,2,0,1,5,7,1922,2004,630624
5,2,3838,3309,1,0,4,1,12,1947,0,501392
4,3,1321,4699,2,0,3,1,6,1981,1966,444543
1,3,4719,1816,2,0,4,1,3,1965,0,1668366
3,1,540,1489,1,0,4,2,9,1996,0,1092791
2,2,3583,8938,2,1,4,3,6,1979,0,1205783
3,3,3352,5699,2,0,2,3,9,1988,0,337469
2,2,1500,6546,3,0,4,5,10,1982,1985,1423111
4,2,1078,3761,3,0,1,3,4,1946,0,672403
2,1,4906,3828,1,0,4,5,6,1968,0,1596823
2,3,3637,3217,1,0,3,4,12,1928,0,678621
4,3,1589,2813,3,0,2,1,6,2000,0,1496850
2,3,2450,1719,3,0,3,2,11,1937,0,1821976
3,2,956,4607,3,0,4,5,8,1972,2005,1746141
5,1,4483,2072,3,0,1,1,8,1905,1960,1421878
1,2,2249,9850,1,0,1,1,9,1937,0,1135702
5,2,4194,9680,2,0,1,4,8,1963,2012,1253085
5,1,2361,4450,2,0,3,2,5,1966,0,786475
1,1,2756,2196,2,0,3,2,10,1966,0,694055
2,3,1149,3819,3,0,3,3,3,1992,1986,629896
5,1,3522,7344,2,0,1,1,11,1949,0,401951
5,1,2153,9199,1,0,2,5,6,1988,0,980077
5,3,1072,8619,3,1,2,2,3,2018,1974,1438853
5,1,982,3808,1,0,2,2,10,1900,0,1107536
5,1,886,8374,2,0,4,1,7,1978,0,1893397
4,3,3690,1692,3,0,4,3,8,1985,0,1024159
3,2,2769,9685,2,0,0,1,3,1917,0,728375
2,2,701,5927,3,0,3,2,6,1905,1977,331329
2,1,3330,9988,3,0,3,2,12,1994,0,412499
1,1,4749,6119,3,0,4,4,12,2007,0,1128341
4,3,1074,7583,1,0,0,1,6,1941,0,1403175
4,3,1690,2137,1,0,1,4,6,1942,0,1269842
4,1,1416,7218,1,0,2,5,8,1932,0,601854
4,2,3479,4638,1,0,0,2,6,1999,0,1325747
5,3,865,7516,2,0,2,5,5,1959,0,608524
1,2,4383,9392,3,0,1,5,12,2001,2008,156440
5,2,2826,3555,2,0,2,4,5,1921,0,1550255
4,3,3331,3555,2,0,4,3,7,2013,0,1179702
5,2,892,1369,1,0,4,3,6,1982,0,1615359
4,3,4348,7628,3,0,4,4,3,1952,0,1122936
5,1,2895,1644,1,0,1,3,8,2016,0,979577
4,1,4304,2673,2,0,1,2,7,1916,1950,1913508
1,1,1087,7309,2,0,2,1,8,1956,0,475987
2,1,1074,7432,1,0,3,1,11,1965,0,726754
1,3,1783,6941,1,0,4,3,5,1908,1984,879680
5,1,1382,6842,3,0,3,3,12,1915,0,673374
3,1,3424,4168,2,0,4,4,12,1913,0,409815
4,2,4725,7919,2,1,2,2,3,2012,0,1673772
4,2,1625,5855,3,0,4,4,7,2004,0,1599284
2,2,4683,4642,2,0,1,2,5,1921,1976,222537
2,2,4037,9548,1,0,4,2,3,1952,0,186569
1,2,2620,7801,1,0,2,4,7,1908,0,1551187
4,1,4588,6485,1,1,1,5,4,1915,1994,436239
3,1,3027,9033,3,0,1,3,3,1993,0,796203
4,2,4179,9859,3,0,4,3,9,1932,0,101049
3,1,2431,1187,3,0,2,1,7,1930,1977,1210733
1,1,2972,4906,3,0,3,5,10,1998,0,1354672
5,1,1519,1289,2,0,3,1,3,1988,2007,1829298
1,1,746,6911,3,0,4,1,11,1932,0,1315047
5,1,4132,1630,3,0,4,1,12,2011,1970,1728637
2,2,758,9708,1,0,0,5,12,1923,1953,1393865
4,1,3800,4667,3,0,3,1,8,1911,0,318811
4,3,4289,6041,3,0,4,4,11,1946,0,602939
1,1,3440,2271,2,1,0,3,6,1982,2007,896229
5,2,2298,2140,2,0,3,3,10,1952,0,1767519
4,2,2625,5276,3,0,0,4,7,1976,2018,215042
2,1,3067,9835,2,0,4,2,5,1979,0,396751
5,1,802,2823,2,0,3,5,9,1984,0,1549912
1,2,3872,4630,2,0,3,5,12,1973,0,1302444
4,1,2782,8260,3,0,4,1,7,1961,0,1595742
1,3,1159,1278,3,0,3,3,5,1915,2011,516232
5,1,4919,1340,3,0,4,3,10,1938,1952,293708
3,2,736,6242,3,0,1,5,6,1996,1973,230016
3,1,2124,6744,2,0,4,4,10,1986,0,1921936
1,1,655,5120,2,0,2,4,5,1934,0,1424685
5,3,1904,5422,3,0,2,3,4,1922,0,1648496
5,2,4197,6939,1,1,3,4,6,1964,0,1514447
4,1,4368,6258,2,0,0,4,6,2006,0,323393
4,2,3771,6818,3,0,4,5,5,1936,0,507650
1,2,4516,7416,2,0,4,2,3,1981,0,660591
4,3,3993,8982,2,0,2,1,6,2001,0,1369087
1,2,3951,7121,3,0,2,1,11,2010,0,1370008
4,1,2233,9445,3,0,0,4,6,1976,1974,1602079
2,1,3691,9016,1,0,0,1,11,1950,0,203700
2,2,1570,7124,2,0,1,5,4,1944,0,1424453
1,1,1093,2589,3,0,1,2,10,1922,0,1360050
2,2,1203,4361,3,0,4,2,6,1942,0,1657788
2,1,3145,5424,3,0,1,4,3,1932,0,896961
3,2,1865,4273,2,0,2,2,6,1959,0,958267
2,2,2537,5426,1,0,1,3,3,1932,0,987104
4,2,1345,6738,2,0,1,4,3,1915,0,559567
4,2,3064,2999,1,1,1,1,3,1928,0,629983
5,3,567,7864,3,0,3,4,12,1988,0,893339
4,3,1630,5234,3,0,1,5,12,1934,1980,1142585
3,3,2187,2151,2,0,2,1,6,1977,0,1669127
5,2,1949,6039,2,0,0,4,10,1940,0,1739015
1,2,3020,9155,1,1,4,2,12,2007,1985,1260675
3,2,4863,3679,2,0,0,4,5,2000,0,1329677
3,2,4395,7689,2,0,2,2,3,1993,0,830526
3,1,785,6283,3,0,1,3,10,1926,0,718281
3,3,3729,1159,1,0,4,3,3,1959,0,1192924
3,1,2671,8997,3,0,0,1,5,1931,0,227922
4,2,4727,8552,2,0,4,4,8,1903,2007,1982614
5,1,2510,1580,2,0,4,1,7,1936,1997,1334848
5,1,2774,5068,2,0,1,1,5,1974,0,959983
3,2,2368,4747,2,0,0,2,3,1911,0,751809
1,2,1139,1082,1,0,0,5,10,1999,1975,707648
2,2,3839,2424,3,0,0,1,10,1927,0,558189
5,2,1804,6158,1,0,2,3,12,1904,0,1045424
5,2,4470,8262,1,0,4,3,12,2006,0,840599
3,1,2429,3451,1,0,0,4,3,1953,0,1977025
4,2,1677,9036,1,0,2,5,11,1905,1980,330502
3,3,2960,8594,3,0,1,3,11,1955,1960,1811143
1,2,1783,7771,1,0,2,2,10,1909,0,870569
3,3,2486,9933,3,0,4,3,9,1938,1986,1244935
3,2,1654,6755,3,0,1,3,4,1959,0,1743305
4,2,3478,6585,2,0,4,2,12,1991,1978,1400875
5,2,4181,6906,2,0,3,1,11,1929,0,1797590
1,1,2049,3257,3,0,0,4,8,1921,0,708919
3,1,1986,1882,1,0,3,3,7,1931,0,783850
3,3,2414,5778,1,1,1,2,10,1940,0,1713172
5,2,2994,5523,3,0,2,1,7,2018,0,1206673
1,2,4308,5236,2,0,2,1,12,1992,0,1519220
5,3,3874,5897,3,0,1,3,9,1950,1987,1147568
1,1,2989,5552,3,0,3,1,12,1955,0,512610
2,1,4118,5138,2,1,2,4,11,2004,0,515874
4,1,1151,6102,1,0,3,3,4,1979,0,1526167
5,2,3047,3369,2,0,3,4,3,1990,0,1141680
4,3,4700,2815,1,0,3,4,11,1902,0,306971
1,1,4884,3994,3,0,3,4,12,2018,0,1845488
5,2,2008,9418,3,0,0,5,4,2011,0,1675324
2,1,4250,4922,3,0,4,2,11,1960,0,777551
3,3,1749,4825,1,0,4,1,10,1966,1974,1316220
3,3,843,8032,2,0,4,4,3,1950,0,1312740
4,2,905,4278,3,0,3,3,11,1931,0,755408
1,1,4154,2307,1,0,2,3,6,1963,1998,1544132
2,1,3211,7198,2,0,2,4,4,1911,0,1294497
1,3,2192,2627,2,0,3,2,8,1920,1969,722107
2,3,4178,1619,2,0,3,1,7,1988,0,1558155
3,1,2942,2461,3,0,1,4,4,2009,0,951246
3,3,2266,7465,3,0,3,1,5,1902,0,1386253
2,2,2224,1929,1,0,0,4,10,1975,1964,1931716
4,2,4645,8929,1,0,3,4,4,1934,0,1606440
1,1,1340,8361,1,0,0,4,7,1940,0,1228175
2,2,1847,3606,3,0,2,1,9,1966,0,1633185
3,3,3322,3949,3,0,4,1,5,1971,0,1890979
5,1,520,3352,1,0,2,1,12,1999,2015,1904523
3,1,2345,9458,3,0,3,4,10,2015,0,1425745
3,3,4687,8818,3,1,1,2,4,1932,0,677569
1,2,1476,6668,3,0,0,3,6,2016,0,1617518
4,1,4488,7420,1,0,3,4,5,1954,1970,1151497
4,3,535,4730,1,0,3,2,4,1968,0,1110913
